{"Core7/Load Store Unit/LoadQ": 0.0009267446700000001, "Core0/Memory Management Unit/Dtlb": 0.097749297, "Core1/Execution Unit/Instruction Scheduler/FP Instruction Window": 0.0017930493, "Core6/Instruction Fetch Unit": 0.0017045586900000104, "Core0/Execution Unit/Integer ALUs": 0.847405553, "Core4/Instruction Fetch Unit/Branch Predictor/Global Predictor": 0.00065409077, "Core1/Instruction Fetch Unit/Branch Target Buffer": 0.0068032624, "Core0/Renaming Unit/FP Front End RAT": 0.0045667292, "Core2/Instruction Fetch Unit/Branch Predictor": -3.0900000006633954e-10, "Core3/Renaming Unit/Free List": 5.7011061e-05, "Core4/Execution Unit/Integer ALUs": 0.303563553, "Core4/Execution Unit/Floating Point Units": 0.8246804735000001, "Core0/Instruction Fetch Unit/Branch Predictor": 2.9690999998020773e-08, "Core3/Instruction Fetch Unit/Branch Target Buffer": 0.0068032624, "Core4/Instruction Fetch Unit/Branch Predictor": -3.0900000006633954e-10, "Core5/Execution Unit/Instruction Scheduler/FP Instruction Window": 0.0017930493, "Core1/Instruction Fetch Unit/Instruction Cache": 0.04657178, "Core7/Instruction Fetch Unit/Instruction Decoder": 0.032891502, "Core2/Renaming Unit/Free List": 5.7011061e-05, "Core0/Renaming Unit/Free List": 0.025540811061, "Core4/Execution Unit/Register Files": -2.0000000000314905e-09, "Core2": 1.30159162, "Core3/Load Store Unit/LoadQ": 0.0009267446700000001, "Core6/Instruction Fetch Unit/Branch Predictor/Global Predictor": 0.00065409077, "Core6/Renaming Unit/FP Front End RAT": 0.0045667292, "Core4/Instruction Fetch Unit/Branch Predictor/Chooser": 0.00065409077, "Core6/Instruction Fetch Unit/Instruction Decoder": 0.032891502, "Core2/Execution Unit/Instruction Scheduler": 4.0020000001417255e-08, "Core4/Renaming Unit/Int Front End RAT": 0.00057885426, "Core1/Renaming Unit/Int Front End RAT": 0.00057885426, "Core0/Instruction Fetch Unit/Branch Predictor/L2_Local Predictor": 0.0025681619039999997, "Core2/Execution Unit/Register Files/Floating Point RF": 0.00040215016, "Core7/Instruction Fetch Unit/Branch Predictor": -3.0900000006633954e-10, "Core3/Execution Unit/Integer ALUs": 0.303563553, "Core3/Execution Unit/Register Files/Floating Point RF": 0.00040215016, "Core2/Load Store Unit/Data Cache": 0.050866983, "Core7/Instruction Fetch Unit/Branch Predictor/L2_Local Predictor": 0.00018358190399999998, "Core6/Instruction Fetch Unit/Instruction Buffer": 0.00013676887, "Core3/Instruction Fetch Unit": 0.0017045586899999965, "Core4/Renaming Unit": 0.0017045923789999994, "Core1/Load Store Unit/LoadQ": 0.0009267446700000001, "Core6/Execution Unit/Floating Point Units": 0.8246804735000001, "Core5/Execution Unit/Results Broadcast Bus": 0.0094598125, "Core5/Instruction Fetch Unit/Branch Predictor/RAS": 9.9186815e-05, "Core1/Execution Unit/Register Files/Integer RF": 0.00062753265, "Core3/Execution Unit/Results Broadcast Bus": 0.0094598125, "Core6/Execution Unit/Instruction Scheduler/FP Instruction Window": 0.0017930493, "Core2/Execution Unit/Results Broadcast Bus": 0.0094598125, "Core6/Instruction Fetch Unit/Instruction Cache": 0.04657178, "Core5/Instruction Fetch Unit": 0.0017045586899999965, "Core2/Instruction Fetch Unit/Branch Predictor/Chooser": 0.00065409077, "Core4/Execution Unit/Results Broadcast Bus": 0.0094598125, "Core0/Execution Unit/Register Files/Integer RF": 0.15062373265, "Core1/Load Store Unit/Data Cache": 0.050866983, "Core7/Memory Management Unit/Dtlb": 0.001401097, "Core2/Instruction Fetch Unit/Branch Predictor/L2_Local Predictor": 0.00018358190399999998, "Core4/Instruction Fetch Unit/Instruction Cache": 0.04657178, "Core5/Execution Unit/Register Files/Floating Point RF": 0.00040215016, "Core0/Load Store Unit": 0.0017116440200000901, "Core7/Execution Unit/Register Files/Floating Point RF": 0.00040215016, "Core1/Execution Unit/Integer ALUs": 0.303563553, "Core4/Execution Unit/Instruction Scheduler": 4.0020000001417255e-08, "Core4/Instruction Fetch Unit/Branch Predictor/L1_Local Predictor": 0.00033279409, "Core2/Instruction Fetch Unit/Branch Predictor/Global Predictor": 0.00065409077, "Core4/Memory Management Unit/Dtlb": 0.001401097, "Core2/Instruction Fetch Unit/Instruction Decoder": 0.032891502, "Core0/Instruction Fetch Unit/Branch Predictor/Global Predictor": 0.0060547907699999995, "Core6/Load Store Unit/StoreQ": 0.00127287031, "Core4/Load Store Unit/LoadQ": 0.0009267446700000001, "Core0/Instruction Fetch Unit/Instruction Cache": 1.33347578, "Core5/Execution Unit/Register Files": -2.0000000000314905e-09, "Core4": 1.30159162, "Core6/Renaming Unit/Free List": 5.7011061e-05, "Core7/Instruction Fetch Unit/Instruction Cache": 0.04657178, "Core6/Load Store Unit": 0.0017046440199999999, "Core4/L2": 0.112745808, "Core7/Load Store Unit/Data Cache": 0.050866983, "Core0/Renaming Unit/Int Front End RAT": 0.24039485426, "Core3": 1.30159162, "Core5/Load Store Unit": 0.0017046440199999999, "Core7/Execution Unit/Register Files/Integer RF": 0.00062753265, "Core1/Memory Management Unit/Dtlb": 0.001401097, "Core7/Execution Unit/Complex ALUs": 0.562297777, "Core0/Execution Unit/Results Broadcast Bus": 0.9174978125000001, "Core0/Execution Unit/Register Files/Floating Point RF": 0.02018789016, "Core3/Instruction Fetch Unit/Branch Predictor/Chooser": 0.00065409077, "Core3/Instruction Fetch Unit/Branch Predictor/Global Predictor": 0.00065409077, "Core3/Instruction Fetch Unit/Branch Predictor/L1_Local Predictor": 0.00033279409, "Core5/Instruction Fetch Unit/Branch Predictor": -3.0900000006633954e-10, "Core3/Load Store Unit/Data Cache": 0.050866983, "Core2/Renaming Unit": 0.0017045923789999994, "Core3/Renaming Unit": 0.0017045923789999994, "Core0/Execution Unit/Floating Point Units": 0.8246804735000001, "Core0/Instruction Fetch Unit/Branch Target Buffer": 0.0617102624, "Core7/Instruction Fetch Unit/Branch Predictor/L1_Local Predictor": 0.00033279409, "Core1/Instruction Fetch Unit/Branch Predictor/Global Predictor": 0.00065409077, "Core4/Execution Unit/Complex ALUs": 0.562297777, "Core5/Execution Unit/Instruction Scheduler/ROB": 0.00165172158, "Core0/Instruction Fetch Unit/Instruction Buffer": 0.13706696887, "Core7/Renaming Unit/Free List": 5.7011061e-05, "Core4/Instruction Fetch Unit/Instruction Decoder": 0.032891502, "Core5/Memory Management Unit/Dtlb": 0.001401097, "Core2/Execution Unit/Instruction Scheduler/ROB": 0.00165172158, "Core0/Execution Unit/Register Files": 5.7999999996142734e-08, "Core1": 1.30159162, "Core1/Instruction Fetch Unit/Branch Predictor/L1_Local Predictor": 0.00033279409, "Core6/Execution Unit/Complex ALUs": 0.562297777, "Core1/Execution Unit/Complex ALUs": 0.562297777, "Core6": 1.30159162, "Core3/Execution Unit/Instruction Scheduler/FP Instruction Window": 0.0017930493, "Core5/Instruction Fetch Unit/Instruction Buffer": 0.00013676887, "Core1/Instruction Fetch Unit/Instruction Buffer": 0.00013676887, "Core5/Execution Unit/Floating Point Units": 0.8246804735000001, "Core1/Execution Unit/Instruction Scheduler/Instruction Window": 0.0084612257, "Core0/Memory Management Unit/Itlb": 0.02798280119, "Core6/Execution Unit/Results Broadcast Bus": 0.0094598125, "Core2/Memory Management Unit/Dtlb": 0.001401097, "Core1/Renaming Unit/FP Front End RAT": 0.0045667292, "Core5/Renaming Unit/FP Front End RAT": 0.0045667292, "Core5/L2": 0.112745808, "Core6/Renaming Unit/Int Front End RAT": 0.00057885426, "Core1/Load Store Unit/StoreQ": 0.00127287031, "Core7/Load Store Unit/StoreQ": 0.00127287031, "Core7/Execution Unit/Results Broadcast Bus": 0.0094598125, "Core7": 1.30159162, "Core6/Instruction Fetch Unit/Branch Target Buffer": 0.0068032624, "Core3/Execution Unit/Register Files/Integer RF": 0.00062753265, "Processor/Total Cores": 14.5059829, "Core2/Execution Unit/Register Files/Integer RF": 0.00062753265, "Core6/Execution Unit/Instruction Scheduler": 4.0020000001417255e-08, "BUSES/Bus": 0.018045686999999998, "Core7/Renaming Unit/Int Front End RAT": 0.00057885426, "Core6/Instruction Fetch Unit/Branch Predictor/L2_Local Predictor": 0.00018358190399999998,